league,match_name,outcome,mu_phat,fair_prob,raw_odds,mu_edge,bin17_edge,bin27_edge,min_edge,state_17_id,state_27_id,oos_roi,oos_t_stat,n_train,n_test
league_es,BET - BAR,o_u_2_5_ov_val,0.512376,0.2088,4.79,0.303576,0.254969,0.325317,0.254969,STATE_17_08,STATE_27_26,0.833628,10.433,1979.0,849.0
league_es,BET - BAR,o_u_1_5_ov_val,0.747878,0.4717,2.12,0.276178,0.245324,0.302319,0.245324,STATE_17_08,STATE_27_26,0.318445,9.026,1979.0,849.0
league_es,VAL - ELC,o_u_2_5_ov_val,0.437213,0.2217,4.51,0.215513,0.22755,0.252184,0.215513,STATE_17_03,STATE_27_10,0.583015,7.892,1978.0,849.0
league_es,BET - BAR,gg_ng_gg_val,0.546322,0.2933,3.41,0.253022,0.213241,0.27241,0.213241,STATE_17_08,STATE_27_26,0.478068,8.243,1979.0,849.0
league_es,VAL - ELC,o_u_1_5_ov_val,0.699328,0.4878,2.05,0.211528,0.228327,0.245207,0.211528,STATE_17_03,STATE_27_10,0.238693,6.938,1978.0,849.0
league_en,NOT - ARS,double_chance_1x_val,0.568045,0.3546,2.82,0.213445,0.20034,0.231255,0.20034,STATE_17_03,STATE_27_09,0.371802,7.686,1980.0,849.0
league_en,FUL - ARS,double_chance_1x_val,0.550462,0.3546,2.82,0.195862,0.20034,0.231255,0.195862,STATE_17_03,STATE_27_09,0.338249,6.982,1969.0,845.0
league_es,GET - ATH,o_u_1_5_ov_val,0.661125,0.4717,2.12,0.189425,0.202811,0.244646,0.189425,STATE_17_21,STATE_27_08,0.163628,4.52,1978.0,849.0
league_it,CAG - INT,double_chance_1x_val,0.401132,0.1992,5.02,0.201932,0.194533,0.184185,0.184185,STATE_17_08,STATE_27_18,0.584641,7.301,1978.0,849.0
league_es,GET - ATH,o_u_2_5_ov_val,0.391935,0.2088,4.79,0.183135,0.196844,0.243747,0.183135,STATE_17_21,STATE_27_08,0.438693,5.821,1978.0,849.0
league_es,OSA - GET,o_u_1_5_ov_val,0.66419,0.4762,2.1,0.18799,0.180898,0.186563,0.180898,STATE_17_05,STATE_27_01,0.201061,5.635,1978.0,848.0
league_es,ESP - ALV,o_u_1_5_ov_val,0.653696,0.4762,2.1,0.177496,0.21821,0.186563,0.177496,STATE_17_02,STATE_27_01,0.209541,5.883,1978.0,849.0
league_en,BRE - ARS,double_chance_1x_val,0.577959,0.4016,2.49,0.176359,0.187631,0.203258,0.176359,STATE_17_09,STATE_27_07,0.155336,3.641,1975.0,847.0
league_es,BET - BAR,o_u_3_5_ov_val,0.284653,0.0741,13.5,0.210553,0.174565,0.234397,0.174565,STATE_17_08,STATE_27_26,1.464664,8.183,1979.0,849.0
league_es,OSA - GET,o_u_2_5_ov_val,0.386412,0.2123,4.71,0.174112,0.177651,0.183442,0.174112,STATE_17_05,STATE_27_01,0.416333,5.613,1978.0,848.0
league_en,LEE - ARS,double_chance_1x_val,0.562544,0.3546,2.82,0.207944,0.20034,0.170752,0.170752,STATE_17_03,STATE_27_05,0.351598,7.255,1969.0,845.0
league_es,OSA - ATH,o_u_1_5_ov_val,0.647205,0.4785,2.09,0.168705,0.196011,0.194351,0.168705,STATE_17_21,STATE_27_09,0.200271,5.643,1978.0,848.0
league_es,OSA - ATH,o_u_2_5_ov_val,0.383227,0.2155,4.64,0.167727,0.190144,0.190821,0.167727,STATE_17_21,STATE_27_09,0.543019,7.234,1978.0,848.0
league_es,ESP - ALV,o_u_2_5_ov_val,0.377786,0.2123,4.71,0.165486,0.215007,0.183442,0.165486,STATE_17_02,STATE_27_01,0.381378,5.182,1978.0,849.0
league_es,VAL - ELC,gg_ng_gg_val,0.456314,0.2933,3.41,0.163014,0.18813,0.204806,0.163014,STATE_17_03,STATE_27_10,0.325442,5.705,1978.0,849.0
league_it,INT - GEN,o_u_3_5_un_val,0.651344,0.4902,2.04,0.161144,0.157785,0.175644,0.157785,STATE_17_14,STATE_27_04,0.189399,5.487,1979.0,849.0
league_en,ARS - NOT,double_chance_x2_val,0.443218,0.2865,3.49,0.156718,0.171605,0.180021,0.156718,STATE_17_08,STATE_27_03,0.345492,5.905,1966.0,843.0
league_it,COM - LAZ,1x2_2_val,0.377652,0.2222,4.5,0.155452,0.175261,0.159728,0.155452,STATE_17_12,STATE_27_09,0.425795,5.926,1979.0,849.0
league_it,COM - GEN,double_chance_x2_val,0.555359,0.3953,2.53,0.160059,0.155405,0.183341,0.155405,STATE_17_02,STATE_27_01,0.20987,4.839,1978.0,849.0
league_en,NOT - TOT,1x2_1_val,0.437367,0.2825,3.54,0.154867,0.173306,0.153901,0.153901,STATE_17_01,STATE_27_01,0.114599,2.03,1978.0,848.0
league_it,LAZ - SAS,1x2_1_val,0.587549,0.4348,2.3,0.152749,0.172228,0.155107,0.152749,STATE_17_04,STATE_27_11,0.1649,4.178,1978.0,849.0
league_en,AST - ARS,double_chance_1x_val,0.66879,0.5155,1.94,0.15329,0.164777,0.152586,0.152586,STATE_17_07,STATE_27_08,0.109552,3.323,1978.0,848.0
league_es,VAL - ELC,o_u_3_5_ov_val,0.232402,0.0813,12.3,0.151102,0.155442,0.175946,0.151102,STATE_17_03,STATE_27_10,1.158657,7.216,1978.0,849.0
league_es,ESP - ALV,gg_ng_gg_val,0.451008,0.3003,3.33,0.150708,0.190372,0.160537,0.150708,STATE_17_02,STATE_27_01,0.361025,6.426,1978.0,849.0
league_es,GET - ATH,gg_ng_gg_val,0.443933,0.2933,3.41,0.150633,0.177081,0.204546,0.150633,STATE_17_21,STATE_27_08,0.188881,3.387,1978.0,849.0
league_en,CHE - ARS,1x2_1_val,0.434351,0.2841,3.52,0.150251,0.209725,0.17032,0.150251,STATE_17_05,STATE_27_04,0.119243,2.116,1972.0,846.0
league_es,OSA - GET,gg_ng_gg_val,0.45046,0.3003,3.33,0.15016,0.151626,0.160537,0.15016,STATE_17_05,STATE_27_01,0.319434,5.711,1978.0,848.0
league_es,OSA - ATH,gg_ng_gg_val,0.45506,0.3049,3.28,0.15016,0.165481,0.165374,0.15016,STATE_17_21,STATE_27_09,0.334434,6.044,1978.0,848.0
league_it,COM - PAR,double_chance_x2_val,0.549186,0.4049,2.47,0.144286,0.145805,0.173741,0.144286,STATE_17_02,STATE_27_01,0.159269,3.763,1978.0,848.0
league_en,LIV - TOT,1x2_1_val,0.62305,0.4444,2.25,0.17865,0.143562,0.159288,0.143562,STATE_17_04,STATE_27_19,0.171488,4.44,1973.0,847.0
league_it,BOL - SAS,o_u_2_5_ov_val,0.451362,0.3135,3.19,0.137862,0.170063,0.190063,0.137862,STATE_17_02,STATE_27_05,0.288775,5.375,1978.0,849.0
league_it,INT - GEN,o_u_2_5_un_val,0.408769,0.271,3.69,0.137769,0.147752,0.167817,0.137769,STATE_17_14,STATE_27_04,0.260424,4.336,1979.0,849.0
league_it,PAR - INT,double_chance_1x_val,0.415428,0.2463,4.06,0.169128,0.147433,0.137085,0.137085,STATE_17_08,STATE_27_18,0.37408,5.67,1978.0,848.0
league_it,PAR - NAP,double_chance_1x_val,0.404105,0.2463,4.06,0.157805,0.147433,0.137085,0.137085,STATE_17_08,STATE_27_18,0.302264,4.645,1978.0,848.0
league_it,GEN - NAP,double_chance_1x_val,0.392074,0.2463,4.06,0.145774,0.147433,0.137085,0.137085,STATE_17_08,STATE_27_18,0.335778,5.126,1978.0,848.0
league_it,GEN - INT,double_chance_1x_val,0.406936,0.2463,4.06,0.160636,0.147433,0.137085,0.137085,STATE_17_08,STATE_27_18,0.283113,4.368,1978.0,848.0
league_en,BOU - NOT,1x2_2_val,0.330728,0.1942,5.15,0.136528,0.151561,0.137822,0.136528,STATE_17_02,STATE_27_02,0.261598,3.433,1970.0,845.0
league_it,INT - GEN,double_chance_x2_val,0.344413,0.2028,4.93,0.141613,0.135703,0.166804,0.135703,STATE_17_14,STATE_27_04,0.277503,3.743,1979.0,849.0
league_es,RAY - ATH,1x2_2_val,0.486735,0.3378,2.96,0.148935,0.183987,0.135633,0.135633,STATE_17_07,STATE_27_08,0.283015,5.622,1978.0,849.0
league_en,BRE - ARS,1x2_1_val,0.298724,0.1642,6.09,0.134524,0.136937,0.14798,0.134524,STATE_17_09,STATE_27_07,0.229504,2.732,1975.0,847.0
league_en,NEW - ARS,double_chance_1x_val,0.649272,0.5155,1.94,0.133772,0.164777,0.152586,0.133772,STATE_17_07,STATE_27_08,0.125934,3.826,1971.0,846.0
league_it,BOL - SAS,o_u_1_5_ov_val,0.720906,0.5882,1.7,0.132706,0.150304,0.167758,0.132706,STATE_17_02,STATE_27_05,0.143345,5.235,1978.0,849.0
league_es,RAY - VIL,1x2_2_val,0.472045,0.3378,2.96,0.134245,0.132338,0.135633,0.132338,STATE_17_08,STATE_27_08,0.193774,3.886,1978.0,848.0
league_en,AST - ARS,1x2_1_val,0.374027,0.2404,4.16,0.133627,0.145446,0.13219,0.13219,STATE_17_07,STATE_27_08,0.241132,3.689,1978.0,848.0
league_it,LEC - NAP,1x2_2_val,0.738946,0.6024,1.66,0.136546,0.131971,0.142885,0.131971,STATE_17_17,STATE_27_19,0.159458,6.099,1978.0,849.0
league_en,NOT - ARS,1x2_1_val,0.29445,0.1314,7.61,0.16305,0.130428,0.149169,0.130428,STATE_17_03,STATE_27_09,0.95404,8.362,1980.0,849.0
league_en,BOU - FUL,1x2_2_val,0.324344,0.1942,5.15,0.130144,0.151561,0.137822,0.130144,STATE_17_02,STATE_27_02,0.193144,2.586,1972.0,846.0
league_it,COM - LAZ,double_chance_x2_val,0.648161,0.5181,1.93,0.130061,0.148158,0.134757,0.130061,STATE_17_12,STATE_27_09,0.143451,4.407,1979.0,849.0
league_es,GET - ATH,o_u_3_5_ov_val,0.204811,0.0741,13.5,0.130711,0.130029,0.165317,0.130029,STATE_17_21,STATE_27_08,1.067138,6.396,1978.0,849.0
league_it,CAG - INT,o_u_2_5_un_val,0.43792,0.3058,3.27,0.13212,0.139643,0.127958,0.127958,STATE_17_08,STATE_27_18,0.18629,3.452,1978.0,849.0
league_it,CAG - INT,o_u_3_5_un_val,0.660771,0.5319,1.88,0.128871,0.139857,0.127573,0.127573,STATE_17_08,STATE_27_18,0.104971,3.305,1978.0,849.0
league_en,ARS - FUL,double_chance_x2_val,0.43646,0.2865,3.49,0.14996,0.125538,0.137697,0.125538,STATE_17_04,STATE_27_06,0.321097,5.524,1977.0,848.0
league_en,FUL - ARS,1x2_1_val,0.256574,0.1314,7.61,0.125174,0.130428,0.149169,0.125174,STATE_17_03,STATE_27_09,0.549018,5.209,1969.0,845.0
league_es,RAY - BAR,o_u_2_5_ov_val,0.499646,0.3745,2.67,0.125146,0.155358,0.15155,0.125146,STATE_17_15,STATE_27_29,0.1353,2.987,1979.0,849.0
league_it,INT - CAG,double_chance_x2_val,0.327202,0.2028,4.93,0.124402,0.135703,0.133065,0.124402,STATE_17_14,STATE_27_15,0.341378,4.534,1978.0,849.0
league_en,EVE - ARS,double_chance_1x_val,0.543679,0.4016,2.49,0.142079,0.15334,0.123752,0.123752,STATE_17_03,STATE_27_05,0.234686,5.48,1971.0,845.0
league_en,CRY - ARS,double_chance_1x_val,0.551064,0.4016,2.49,0.149464,0.15334,0.123752,0.123752,STATE_17_03,STATE_27_05,0.146517,3.436,1973.0,847.0
league_it,INT - CAG,o_u_3_5_un_val,0.613017,0.4902,2.04,0.122817,0.157785,0.152684,0.122817,STATE_17_14,STATE_27_15,0.088481,2.533,1978.0,849.0
league_en,ARS - AST,double_chance_x2_val,0.574271,0.4237,2.36,0.150571,0.120494,0.12188,0.120494,STATE_17_01,STATE_27_04,0.161846,3.987,1969.0,845.0
league_en,ARS - NEW,double_chance_x2_val,0.565771,0.4237,2.36,0.142071,0.120494,0.12188,0.120494,STATE_17_01,STATE_27_04,0.097998,2.426,1979.0,849.0
league_en,NEW - ARS,1x2_1_val,0.360667,0.2404,4.16,0.120267,0.145446,0.13219,0.120267,STATE_17_07,STATE_27_08,0.253901,3.869,1971.0,846.0
league_it,COM - GEN,1x2_2_val,0.28723,0.1546,6.47,0.13263,0.120069,0.136858,0.120069,STATE_17_02,STATE_27_01,0.425077,4.619,1978.0,849.0
league_it,INT - CAG,o_u_2_5_un_val,0.388751,0.271,3.69,0.117751,0.147752,0.146549,0.117751,STATE_17_14,STATE_27_15,0.156113,2.658,1978.0,849.0
league_en,ARS - CHE,double_chance_x2_val,0.637331,0.4975,2.01,0.139831,0.116654,0.12991,0.116654,STATE_17_07,STATE_27_08,0.081028,2.352,1972.0,846.0
league_es,OSA - GET,o_u_3_5_ov_val,0.191083,0.0763,13.1,0.114783,0.117793,0.121973,0.114783,STATE_17_05,STATE_27_01,0.88467,5.603,1978.0,848.0
league_en,SUN - ARS,double_chance_1x_val,0.503549,0.3546,2.82,0.148949,0.114237,0.153445,0.114237,STATE_17_11,STATE_27_20,0.133333,2.805,1972.0,846.0
league_en,LEE - ARS,1x2_1_val,0.253021,0.1314,7.61,0.121621,0.130428,0.113201,0.113201,STATE_17_03,STATE_27_05,0.576036,5.43,1969.0,845.0
league_en,BOU - LIV,1x2_2_val,0.544165,0.4184,2.39,0.125765,0.112763,0.12361,0.112763,STATE_17_11,STATE_27_13,0.299527,7.318,1973.0,846.0
league_es,OSA - ATH,o_u_3_5_ov_val,0.189667,0.0775,12.9,0.112167,0.126629,0.126632,0.112167,STATE_17_21,STATE_27_09,0.886321,5.663,1978.0,848.0
league_es,ESP - ALV,o_u_3_5_ov_val,0.187478,0.0763,13.1,0.111178,0.145355,0.121973,0.111178,STATE_17_02,STATE_27_01,0.85159,5.437,1978.0,849.0
league_es,RAY - VAL,1x2_2_val,0.378493,0.2681,3.73,0.110393,0.144781,0.125706,0.110393,STATE_17_01,STATE_27_03,0.282874,4.652,1978.0,849.0
league_it,BOL - SAS,o_u_3_5_ov_val,0.245136,0.1361,7.35,0.109036,0.130076,0.145123,0.109036,STATE_17_02,STATE_27_05,0.471731,4.673,1978.0,849.0
league_it,INT - GEN,o_u_4_5_un_val,0.828147,0.7194,1.39,0.108747,0.111113,0.122414,0.108747,STATE_17_14,STATE_27_04,0.075654,3.791,1979.0,849.0
league_en,NOT - BOU,1x2_1_val,0.481547,0.3472,2.88,0.134347,0.108606,0.158422,0.108606,STATE_17_01,STATE_27_10,0.205106,4.199,1972.0,846.0
league_es,RAY - BAR,o_u_3_5_ov_val,0.282532,0.1754,5.7,0.107132,0.126004,0.125213,0.107132,STATE_17_15,STATE_27_29,0.248763,3.074,1979.0,849.0
league_it,ATA - LAZ,1x2_2_val,0.330502,0.216,4.63,0.114502,0.103433,0.118966,0.103433,STATE_17_13,STATE_27_14,0.332217,4.616,1978.0,848.0
league_es,RAY - CEL,1x2_2_val,0.423063,0.2907,3.44,0.132363,0.122181,0.103106,0.103106,STATE_17_01,STATE_27_03,0.304688,5.319,1978.0,849.0
league_es,ATH - RAY,1x2_1_val,0.588256,0.4762,2.1,0.112056,0.140923,0.102966,0.102966,STATE_17_12,STATE_27_05,0.165018,4.607,1978.0,849.0
league_it,BOL - SAS,gg_ng_gg_val,0.505483,0.4032,2.48,0.102283,0.124029,0.132023,0.102283,STATE_17_02,STATE_27_05,0.191802,4.51,1978.0,849.0
league_es,RAY - ATH,double_chance_x2_val,0.78104,0.6579,1.52,0.12314,0.138322,0.099749,0.099749,STATE_17_07,STATE_27_08,0.097479,4.171,1978.0,849.0
league_en,LIV - BOU,1x2_1_val,0.665484,0.5405,1.85,0.124984,0.109423,0.099331,0.099331,STATE_17_10,STATE_27_11,0.082447,2.631,1973.0,846.0
league_it,COM - PAR,1x2_2_val,0.249115,0.1517,6.59,0.097415,0.122969,0.139758,0.097415,STATE_17_02,STATE_27_01,0.352193,3.854,1978.0,848.0
league_es,CEL - RAY,1x2_1_val,0.502299,0.4049,2.47,0.097399,0.118727,0.10869,0.097399,STATE_17_03,STATE_27_15,0.117173,2.777,1978.0,849.0
league_it,GEN - COM,double_chance_1x_val,0.640481,0.5435,1.84,0.096981,0.104409,0.105696,0.096981,STATE_17_01,STATE_27_02,0.074057,2.378,1978.0,848.0
league_en,TOT - LIV,1x2_2_val,0.499468,0.3484,2.87,0.151068,0.09666,0.126248,0.09666,STATE_17_03,STATE_27_05,0.234846,4.807,1971.0,846.0
league_it,CAG - INT,1x2_x_val,0.247612,0.1284,7.79,0.119212,0.098117,0.095151,0.095151,STATE_17_08,STATE_27_18,0.541484,5.084,1978.0,849.0
league_it,COM - CAG,double_chance_x2_val,0.530078,0.4032,2.48,0.126878,0.147505,0.094809,0.094809,STATE_17_02,STATE_27_13,0.123019,2.902,1978.0,848.0
league_es,RAY - VAL,double_chance_x2_val,0.675982,0.5814,1.72,0.094582,0.124878,0.104709,0.094582,STATE_17_01,STATE_27_03,0.085889,3.016,1978.0,849.0
league_it,CAG - COM,1x2_1_val,0.338168,0.2179,4.59,0.120268,0.11459,0.093714,0.093714,STATE_17_16,STATE_27_07,0.35159,4.897,1978.0,849.0
league_it,ATA - COM,1x2_1_val,0.501061,0.4082,2.45,0.092861,0.106925,0.159054,0.092861,STATE_17_06,STATE_27_08,0.108127,2.584,1979.0,849.0
league_it,COM - ROM,1x2_2_val,0.469943,0.3571,2.8,0.112843,0.092835,0.118664,0.092835,STATE_17_03,STATE_27_06,0.180683,3.807,1979.0,849.0
league_en,BHA - ARS,double_chance_1x_val,0.565248,0.463,2.16,0.102248,0.09194,0.122855,0.09194,STATE_17_03,STATE_27_09,0.122078,3.292,1973.0,847.0
league_it,LAZ - COM,1x2_1_val,0.491154,0.3846,2.6,0.106554,0.130525,0.09148,0.09148,STATE_17_06,STATE_27_05,0.177358,3.991,1978.0,848.0
league_es,RAY - BAR,o_u_1_5_ov_val,0.749293,0.6579,1.52,0.091393,0.116325,0.113147,0.091393,STATE_17_15,STATE_27_29,0.070624,2.967,1979.0,849.0
league_it,CAG - GEN,o_u_2_5_ov_val,0.403397,0.3135,3.19,0.089897,0.122786,0.122481,0.089897,STATE_17_05,STATE_27_10,0.19625,3.701,1978.0,848.0
league_en,ARS - NOT,1x2_2_val,0.189035,0.099,10.1,0.090035,0.089045,0.098234,0.089045,STATE_17_08,STATE_27_03,0.665362,5.154,1966.0,843.0
league_es,RSO - RAY,1x2_1_val,0.52937,0.4348,2.3,0.09457,0.088827,0.095558,0.088827,STATE_17_03,STATE_27_10,0.103892,2.633,1978.0,848.0
league_it,INT - CAG,o_u_4_5_un_val,0.80757,0.7194,1.39,0.08817,0.111113,0.10943,0.08817,STATE_17_14,STATE_27_15,0.047821,2.327,1978.0,849.0
league_it,CAG - INT,o_u_4_5_un_val,0.84648,0.7519,1.33,0.09458,0.093309,0.087965,0.087965,STATE_17_08,STATE_27_18,0.040188,2.133,1978.0,849.0
league_it,COM - FIO,1x2_2_val,0.352795,0.2481,4.03,0.104695,0.103991,0.086866,0.086866,STATE_17_01,STATE_27_14,0.259375,4.044,1978.0,848.0
league_it,CAG - INT,1x2_1_val,0.15352,0.0667,15.0,0.08682,0.100516,0.093134,0.08682,STATE_17_08,STATE_27_18,0.766784,4.621,1978.0,849.0
league_es,RAY - VIL,double_chance_x2_val,0.758316,0.6667,1.5,0.091616,0.086445,0.090949,0.086445,STATE_17_08,STATE_27_08,0.057783,2.46,1978.0,848.0
league_en,ARS - AST,1x2_2_val,0.292111,0.1661,6.02,0.126011,0.086219,0.090765,0.086219,STATE_17_01,STATE_27_04,0.389231,4.461,1969.0,845.0
league_en,ARS - NEW,1x2_2_val,0.275813,0.1661,6.02,0.109713,0.086219,0.090765,0.086219,STATE_17_01,STATE_27_04,0.205418,2.485,1979.0,849.0
league_es,OSA - RMA,o_u_2_5_ov_val,0.495757,0.3745,2.67,0.121257,0.103196,0.08616,0.08616,STATE_17_13,STATE_27_20,0.119576,2.645,1979.0,849.0
league_it,GEN - COM,1x2_1_val,0.336518,0.2513,3.98,0.085218,0.110437,0.107185,0.085218,STATE_17_01,STATE_27_02,0.178042,2.854,1978.0,848.0
league_it,LAZ - TOR,o_u_2_5_ov_val,0.493281,0.4082,2.45,0.085081,0.108582,0.090787,0.085081,STATE_17_06,STATE_27_13,0.111013,2.652,1979.0,849.0
league_es,RAY - BET,1x2_2_val,0.452263,0.3676,2.72,0.084663,0.102538,0.105833,0.084663,STATE_17_08,STATE_27_08,0.153357,3.324,1979.0,849.0
league_it,INT - GEN,o_u_1_5_un_val,0.18918,0.1048,9.54,0.08438,0.087892,0.096551,0.08438,STATE_17_14,STATE_27_04,0.483251,4.073,1979.0,849.0
league_es,BET - BAR,o_u_4_5_ov_val,0.127298,0.021,47.6,0.106298,0.084211,0.117488,0.084211,STATE_17_08,STATE_27_26,2.420024,5.736,1979.0,849.0
league_es,RAY - ALV,double_chance_x2_val,0.595895,0.4926,2.03,0.103295,0.109187,0.08374,0.08374,STATE_17_02,STATE_27_01,0.1323,3.821,1978.0,848.0
league_es,OSA - ELC,o_u_2_5_ov_val,0.428521,0.3067,3.26,0.121821,0.083251,0.089042,0.083251,STATE_17_05,STATE_27_01,0.114858,2.163,1978.0,848.0
league_en,BOU - NEW,1x2_2_val,0.433688,0.3311,3.02,0.102588,0.11396,0.083045,0.083045,STATE_17_03,STATE_27_09,0.148099,2.94,1973.0,847.0
league_es,RAY - ALV,1x2_2_val,0.286624,0.1919,5.21,0.094724,0.116038,0.082541,0.082541,STATE_17_02,STATE_27_01,0.327075,4.196,1978.0,848.0
league_es,CEL - BET,1x2_1_val,0.378493,0.2874,3.48,0.091093,0.087805,0.082444,0.082444,STATE_17_10,STATE_27_12,0.119011,2.133,1978.0,849.0
league_es,SEV - LEV,o_u_2_5_ov_val,0.388398,0.3067,3.26,0.081698,0.083251,0.089042,0.081698,STATE_17_05,STATE_27_01,0.109706,2.069,1978.0,849.0
league_it,COM - TOR,1x2_2_val,0.296886,0.1942,5.15,0.102686,0.080469,0.097258,0.080469,STATE_17_02,STATE_27_01,0.220696,2.934,1978.0,848.0
league_en,CRY - ARS,1x2_1_val,0.249291,0.1642,6.09,0.085091,0.097628,0.080401,0.080401,STATE_17_03,STATE_27_05,0.215124,2.572,1973.0,847.0
league_es,LEV - RAY,1x2_1_val,0.364698,0.2793,3.58,0.085398,0.084238,0.080081,0.080081,STATE_17_04,STATE_27_02,0.1849,3.198,1978.0,849.0
league_es,RAY - CEL,double_chance_x2_val,0.712416,0.6061,1.65,0.106316,0.100178,0.080009,0.080009,STATE_17_01,STATE_27_03,0.074735,2.769,1978.0,849.0
league_it,ATA - LAZ,double_chance_x2_val,0.601203,0.5076,1.97,0.093603,0.079947,0.098722,0.079947,STATE_17_13,STATE_27_14,0.080248,2.384,1978.0,848.0
league_es,ALV - RAY,1x2_1_val,0.361996,0.2825,3.54,0.079496,0.115713,0.09884,0.079496,STATE_17_02,STATE_27_04,0.177217,3.094,1978.0,848.0
league_es,RAY - RSO,1x2_2_val,0.409622,0.3145,3.18,0.095122,0.098381,0.079306,0.079306,STATE_17_01,STATE_27_03,0.108693,2.09,1978.0,849.0
league_it,LAZ - BOL,1x2_1_val,0.516449,0.3968,2.52,0.119649,0.118325,0.07928,0.07928,STATE_17_06,STATE_27_05,0.175406,4.065,1978.0,849.0
league_en,FUL - ARS,1x2_x_val,0.293888,0.2141,4.67,0.079788,0.079012,0.091186,0.079012,STATE_17_03,STATE_27_09,0.265598,3.719,1969.0,845.0
league_en,SUN - ARS,1x2_1_val,0.234918,0.1314,7.61,0.103518,0.078895,0.102627,0.078895,STATE_17_11,STATE_27_20,0.403262,3.974,1972.0,846.0
league_it,LAZ - UDI,1x2_1_val,0.53574,0.4237,2.36,0.11204,0.148467,0.078291,0.078291,STATE_17_11,STATE_27_13,0.12434,3.072,1978.0,848.0
league_en,LIV - EVE,1x2_1_val,0.66029,0.5618,1.78,0.09849,0.088123,0.078031,0.078031,STATE_17_10,STATE_27_11,0.151641,5.188,1976.0,847.0
league_it,CAG - COM,double_chance_1x_val,0.63601,0.5128,1.95,0.12321,0.112275,0.077815,0.077815,STATE_17_16,STATE_27_07,0.134629,4.078,1978.0,849.0
league_es,OSA - RMA,o_u_3_5_ov_val,0.290665,0.1754,5.7,0.115265,0.085752,0.077317,0.077317,STATE_17_13,STATE_27_20,0.342756,4.129,1979.0,849.0
league_en,EVE - ARS,1x2_1_val,0.241477,0.1642,6.09,0.077277,0.097628,0.080401,0.077277,STATE_17_03,STATE_27_05,0.254036,2.999,1971.0,845.0
league_it,COM - TOR,double_chance_x2_val,0.572541,0.4739,2.11,0.098641,0.076805,0.104741,0.076805,STATE_17_02,STATE_27_01,0.0973,2.688,1978.0,848.0
league_it,PAR - COM,double_chance_1x_val,0.632119,0.5556,1.8,0.076519,0.092309,0.093596,0.076519,STATE_17_01,STATE_27_02,0.068551,2.259,1978.0,849.0
league_it,GEN - INT,1x2_1_val,0.179406,0.084,11.9,0.095406,0.083216,0.075834,0.075834,STATE_17_08,STATE_27_18,0.641863,4.554,1978.0,848.0
league_it,PAR - INT,1x2_1_val,0.17799,0.084,11.9,0.09399,0.083216,0.075834,0.075834,STATE_17_08,STATE_27_18,0.683962,4.802,1978.0,848.0
league_it,PAR - NAP,1x2_1_val,0.179052,0.084,11.9,0.095052,0.083216,0.075834,0.075834,STATE_17_08,STATE_27_18,0.641863,4.554,1978.0,848.0
league_it,GEN - NAP,1x2_1_val,0.163128,0.084,11.9,0.079128,0.083216,0.075834,0.075834,STATE_17_08,STATE_27_18,0.669929,4.72,1978.0,848.0
league_it,LAZ - TOR,o_u_3_5_ov_val,0.277935,0.2024,4.94,0.075535,0.091647,0.081406,0.075535,STATE_17_06,STATE_27_13,0.245183,3.331,1979.0,849.0
league_it,CAG - INT,o_u_1_5_un_val,0.200212,0.1238,8.08,0.076412,0.086203,0.075046,0.075046,STATE_17_08,STATE_27_18,0.275289,2.723,1978.0,849.0
league_it,LAZ - JUV,1x2_1_val,0.353503,0.2591,3.86,0.094403,0.074642,0.088043,0.074642,STATE_17_12,STATE_27_09,0.124316,2.064,1978.0,848.0
league_en,EVE - LIV,1x2_2_val,0.53789,0.4566,2.19,0.08129,0.074563,0.08541,0.074563,STATE_17_11,STATE_27_13,0.23704,6.358,1976.0,848.0
league_es,VAL - RAY,1x2_1_val,0.494692,0.3937,2.54,0.100992,0.129927,0.074552,0.074552,STATE_17_03,STATE_27_06,0.120236,2.776,1978.0,848.0
league_it,COM - FIO,double_chance_x2_val,0.632696,0.5319,1.88,0.100796,0.106363,0.074422,0.074422,STATE_17_01,STATE_27_14,0.090755,2.848,1978.0,848.0
league_it,COM - CAG,1x2_2_val,0.26327,0.1534,6.52,0.10987,0.121269,0.074412,0.074412,STATE_17_02,STATE_27_13,0.291698,3.269,1978.0,848.0
league_en,EVE - NOT,1x2_2_val,0.308949,0.2347,4.26,0.074249,0.111061,0.097322,0.074249,STATE_17_02,STATE_27_02,0.13432,2.074,1971.0,845.0
league_en,EVE - FUL,1x2_2_val,0.308428,0.2347,4.26,0.073728,0.111061,0.097322,0.073728,STATE_17_02,STATE_27_02,0.160448,2.464,1976.0,848.0
league_en,ARS - NOT,1x2_x_val,0.254183,0.1805,5.54,0.073683,0.08956,0.088787,0.073683,STATE_17_08,STATE_27_03,0.222349,2.81,1966.0,843.0
league_en,ARS - LEE,double_chance_x2_val,0.39483,0.2865,3.49,0.10833,0.125538,0.073669,0.073669,STATE_17_04,STATE_27_11,0.185283,3.264,1976.0,848.0
league_es,VAL - ELC,o_u_4_5_ov_val,0.096923,0.0235,42.5,0.073423,0.073538,0.08511,0.073423,STATE_17_03,STATE_27_10,1.953475,5.267,1978.0,849.0
league_it,COM - MIL,1x2_2_val,0.477707,0.3774,2.65,0.100307,0.072535,0.098364,0.072535,STATE_17_03,STATE_27_06,0.153125,3.394,1978.0,848.0
league_en,CRY - NOT,1x2_2_val,0.307229,0.2347,4.26,0.072529,0.111061,0.097322,0.072529,STATE_17_02,STATE_27_02,0.197025,2.995,1975.0,847.0
league_es,SEV - LEV,o_u_1_5_ov_val,0.669968,0.5848,1.71,0.085168,0.072298,0.077963,0.072298,STATE_17_05,STATE_27_01,0.079576,2.811,1978.0,849.0
league_it,UDI - SAS,o_u_2_5_ov_val,0.474708,0.3876,2.58,0.087108,0.095963,0.072054,0.072054,STATE_17_02,STATE_27_01,0.176042,3.992,1978.0,849.0
league_es,RAY - OSA,1x2_2_val,0.320948,0.2132,4.69,0.107748,0.123127,0.071733,0.071733,STATE_17_04,STATE_27_19,0.216745,3.07,1978.0,848.0
league_it,SAS - CAG,1x2_2_val,0.308808,0.2375,4.21,0.071308,0.074625,0.082011,0.071308,STATE_17_05,STATE_27_10,0.209941,3.211,1978.0,849.0
league_it,INT - CAG,o_u_1_5_un_val,0.175451,0.1048,9.54,0.070651,0.087892,0.086998,0.070651,STATE_17_14,STATE_27_15,0.359647,3.142,1978.0,849.0
league_it,LAZ - MIL,1x2_1_val,0.348195,0.2639,3.79,0.084295,0.069842,0.083243,0.069842,STATE_17_12,STATE_27_09,0.206722,3.41,1978.0,848.0
league_it,TOR - COM,1x2_1_val,0.374381,0.289,3.46,0.085381,0.072737,0.069485,0.069485,STATE_17_01,STATE_27_02,0.183255,3.251,1978.0,848.0
league_es,CEL - VAL,o_u_2_5_ov_val,0.419172,0.3497,2.86,0.069472,0.077607,0.087502,0.069472,STATE_17_02,STATE_27_06,0.108292,2.265,1978.0,849.0
league_en,ARS - FUL,1x2_x_val,0.261593,0.1805,5.54,0.081093,0.068677,0.074882,0.068677,STATE_17_04,STATE_27_06,0.326203,4.018,1977.0,848.0
league_es,LEV - SEV,o_u_2_5_ov_val,0.399505,0.3311,3.02,0.068405,0.084865,0.08393,0.068405,STATE_17_04,STATE_27_02,0.168113,3.329,1978.0,848.0
league_es,RAY - ESP,1x2_2_val,0.277424,0.2062,4.85,0.071224,0.101738,0.068241,0.068241,STATE_17_02,STATE_27_01,0.155307,2.189,1978.0,848.0
league_it,CAG - GEN,o_u_3_5_ov_val,0.203822,0.1361,7.35,0.067722,0.092141,0.091838,0.067722,STATE_17_05,STATE_27_10,0.32612,3.36,1978.0,848.0
league_en,NOT - BOU,double_chance_1x_val,0.775373,0.6803,1.47,0.095073,0.067381,0.104109,0.067381,STATE_17_01,STATE_27_10,0.061667,2.724,1972.0,846.0
league_it,PAR - INT,1x2_x_val,0.237438,0.1567,6.38,0.080738,0.069817,0.066851,0.066851,STATE_17_08,STATE_27_18,0.256439,2.943,1978.0,848.0
league_it,GEN - NAP,1x2_x_val,0.228946,0.1567,6.38,0.072246,0.069817,0.066851,0.066851,STATE_17_08,STATE_27_18,0.203774,2.377,1978.0,848.0
league_es,ATH - RMA,o_u_2_5_un_val,0.750619,0.4695,2.13,0.281119,0.066731,0.104671,0.066731,STATE_17_08,STATE_27_16,0.372332,10.639,1978.0,849.0
league_en,LEE - ARS,1x2_x_val,0.309524,0.2141,4.67,0.095424,0.079012,0.066652,0.066652,STATE_17_03,STATE_27_05,0.271124,3.792,1969.0,845.0
league_es,OSA - RMA,o_u_1_5_ov_val,0.75495,0.6579,1.52,0.09705,0.070871,0.066415,0.066415,STATE_17_13,STATE_27_20,0.04914,2.037,1979.0,849.0
league_es,SEV - LEV,gg_ng_gg_val,0.46445,0.3861,2.59,0.07835,0.065826,0.074737,0.065826,STATE_17_05,STATE_27_01,0.12874,2.921,1978.0,849.0
league_it,SAS - LAZ,1x2_2_val,0.448691,0.3831,2.61,0.065591,0.066835,0.092664,0.065591,STATE_17_03,STATE_27_06,0.095708,2.164,1978.0,848.0
league_it,UDI - CAG,1x2_2_val,0.274239,0.2096,4.77,0.064639,0.065069,0.081858,0.064639,STATE_17_02,STATE_27_01,0.153125,2.183,1978.0,848.0
league_en,BHA - ARS,1x2_1_val,0.274468,0.1972,5.07,0.077268,0.064628,0.083369,0.064628,STATE_17_03,STATE_27_09,0.245053,3.268,1973.0,847.0
league_en,ARS - FUL,1x2_2_val,0.174867,0.099,10.1,0.075867,0.06386,0.069815,0.06386,STATE_17_04,STATE_27_06,0.405425,3.377,1977.0,848.0
league_es,ATH - RMA,o_u_1_5_un_val,0.487089,0.2198,4.55,0.267289,0.063176,0.097632,0.063176,STATE_17_08,STATE_27_16,0.682803,9.057,1978.0,849.0
league_es,CEL - VAL,o_u_3_5_ov_val,0.224266,0.1585,6.31,0.065766,0.063155,0.069903,0.063155,STATE_17_02,STATE_27_06,0.330377,3.74,1978.0,849.0
league_es,RAY - ATM,1x2_2_val,0.555556,0.4587,2.18,0.096856,0.063087,0.102999,0.063087,STATE_17_07,STATE_27_17,0.102854,2.748,1978.0,848.0
league_es,SEV - LEV,o_u_3_5_ov_val,0.192784,0.1299,7.7,0.062884,0.064193,0.068373,0.062884,STATE_17_05,STATE_27_01,0.233451,2.409,1978.0,849.0
league_en,LIV - CRY,1x2_1_val,0.624603,0.5618,1.78,0.062803,0.088123,0.078031,0.062803,STATE_17_10,STATE_27_11,0.101009,3.41,1985.0,852.0
league_it,COM - UDI,1x2_2_val,0.304671,0.2119,4.72,0.092771,0.062769,0.079558,0.062769,STATE_17_02,STATE_27_01,0.246792,3.454,1978.0,848.0
league_it,LAZ - TOR,o_u_1_5_ov_val,0.747525,0.6849,1.46,0.062625,0.082222,0.06481,0.062625,STATE_17_06,STATE_27_13,0.045559,2.017,1979.0,849.0
league_it,ROM - LAZ,1x2_2_val,0.272374,0.1969,5.08,0.075474,0.077769,0.061818,0.061818,STATE_17_02,STATE_27_05,0.196702,2.659,1978.0,849.0
league_es,RAY - LEV,1x2_2_val,0.274496,0.1927,5.19,0.081796,0.061556,0.081741,0.061556,STATE_17_05,STATE_27_01,0.302085,3.912,1978.0,849.0
league_en,BOU - NEW,double_chance_x2_val,0.734397,0.6579,1.52,0.076497,0.080272,0.061531,0.061531,STATE_17_03,STATE_27_09,0.058796,2.449,1973.0,847.0
league_it,COM - LEC,double_chance_x2_val,0.514862,0.4237,2.36,0.091162,0.061175,0.074309,0.061175,STATE_17_06,STATE_27_13,0.12434,3.072,1978.0,848.0
league_de,MGB - HOF,1x2_1_val,0.404653,0.3436,2.91,0.061053,0.072422,0.079635,0.061053,STATE_17_08,STATE_27_02,0.089715,2.774,4423.0,1896.0
league_it,LAZ - COM,double_chance_1x_val,0.749823,0.6803,1.47,0.069523,0.098228,0.060982,0.060982,STATE_17_06,STATE_27_05,0.055696,2.452,1978.0,848.0
league_it,PAR - COM,1x2_1_val,0.326495,0.266,3.76,0.060495,0.095737,0.092485,0.060495,STATE_17_01,STATE_27_02,0.133757,2.259,1978.0,849.0
league_it,COM - BOL,1x2_2_val,0.327086,0.2151,4.65,0.111986,0.059569,0.076358,0.059569,STATE_17_02,STATE_27_01,0.40212,5.491,1979.0,849.0
league_es,LEV - RAY,double_chance_1x_val,0.66537,0.6024,1.66,0.06297,0.061273,0.059413,0.059413,STATE_17_04,STATE_27_02,0.065607,2.402,1978.0,849.0
league_it,COM - LEC,1x2_2_val,0.241684,0.1621,6.17,0.079584,0.059372,0.065712,0.059372,STATE_17_06,STATE_27_13,0.280566,3.265,1978.0,848.0
league_it,UDI - SAS,o_u_3_5_ov_val,0.27485,0.1873,5.34,0.08755,0.078876,0.05934,0.05934,STATE_17_02,STATE_27_01,0.301979,3.837,1978.0,849.0
league_en,ARS - CRY,double_chance_x2_val,0.431456,0.3534,2.83,0.078056,0.058638,0.070797,0.058638,STATE_17_04,STATE_27_06,0.156057,3.265,1976.0,847.0
league_es,OSA - RMA,gg_ng_gg_val,0.492221,0.4115,2.43,0.080721,0.075748,0.058115,0.058115,STATE_17_13,STATE_27_20,0.104806,2.524,1979.0,849.0
league_es,ELC - RAY,1x2_1_val,0.342766,0.2849,3.51,0.057866,0.113313,0.09644,0.057866,STATE_17_02,STATE_27_04,0.128657,2.287,1978.0,849.0
league_en,NOT - MNC,1x2_1_val,0.311989,0.2545,3.93,0.057489,0.100541,0.05768,0.057489,STATE_17_02,STATE_27_07,0.126848,2.073,1967.0,844.0
league_it,LEC - NAP,o_u_2_5_ov_val,0.63318,0.5714,1.75,0.06178,0.057792,0.057384,0.057384,STATE_17_17,STATE_27_19,0.088339,3.033,1978.0,849.0
league_en,BOU - ARS,double_chance_1x_val,0.520227,0.463,2.16,0.057227,0.09194,0.062352,0.057227,STATE_17_03,STATE_27_05,0.077447,2.086,1972.0,846.0
league_it,UDI - SAS,o_u_1_5_ov_val,0.733994,0.6623,1.51,0.071694,0.076204,0.05648,0.05648,STATE_17_02,STATE_27_01,0.067138,2.846,1978.0,849.0
league_it,INT - GEN,1x2_2_val,0.144625,0.0709,14.1,0.073725,0.055877,0.071227,0.055877,STATE_17_14,STATE_27_04,0.544523,3.603,1979.0,849.0
league_it,LEC - NAP,o_u_3_5_ov_val,0.396533,0.339,2.95,0.057533,0.060517,0.055674,0.055674,STATE_17_17,STATE_27_19,0.150118,3.04,1978.0,849.0
league_es,CEL - VAL,gg_ng_gg_val,0.478953,0.4237,2.36,0.055253,0.066972,0.065942,0.055253,STATE_17_02,STATE_27_06,0.084099,2.084,1978.0,849.0
league_it,CAG - SAS,1x2_1_val,0.413513,0.3322,3.01,0.081313,0.061659,0.055124,0.055124,STATE_17_05,STATE_27_10,0.123875,2.479,1978.0,849.0
league_it,GEN - INT,o_u_2_5_un_val,0.457183,0.3788,2.64,0.078383,0.066643,0.054958,0.054958,STATE_17_08,STATE_27_18,0.126981,2.832,1978.0,848.0
league_it,CAG - NAP,o_u_3_5_un_val,0.586841,0.5319,1.88,0.054941,0.139857,0.073426,0.054941,STATE_17_08,STATE_27_19,0.096113,3.021,1978.0,849.0
league_es,GET - ATH,o_u_4_5_ov_val,0.075699,0.021,47.6,0.054699,0.054917,0.077683,0.054699,STATE_17_21,STATE_27_08,1.410836,3.938,1978.0,849.0
league_en,SUN - LIV,1x2_2_val,0.5574,0.4878,2.05,0.0696,0.060253,0.05421,0.05421,STATE_17_12,STATE_27_13,0.193824,5.589,1981.0,850.0
league_de,STU - BRE,1x2_2_val,0.25542,0.1992,5.02,0.05622,0.060972,0.053906,0.053906,STATE_17_02,STATE_27_03,0.133207,2.764,4423.0,1896.0
league_es,OSA - GET,o_u_4_5_ov_val,0.075372,0.0216,46.2,0.053772,0.054728,0.056253,0.053772,STATE_17_05,STATE_27_01,1.724057,4.613,1978.0,848.0
league_en,ARS - LIV,1x2_2_val,0.343029,0.2667,3.75,0.076329,0.053023,0.065214,0.053023,STATE_17_07,STATE_27_08,0.156915,2.635,1973.0,846.0
league_it,LEC - PAR,o_u_3_5_ov_val,0.275655,0.2024,4.94,0.073255,0.061218,0.052969,0.052969,STATE_17_01,STATE_27_02,0.17092,2.369,1978.0,848.0
league_en,EVE - ARS,1x2_x_val,0.302202,0.2278,4.39,0.074402,0.065312,0.052952,0.052952,STATE_17_03,STATE_27_05,0.27284,3.982,1971.0,845.0
league_en,CRY - ARS,1x2_x_val,0.301773,0.2278,4.39,0.073973,0.065312,0.052952,0.052952,STATE_17_03,STATE_27_05,0.145443,2.196,1973.0,847.0
league_es,LEV - SEV,o_u_3_5_ov_val,0.198514,0.1456,6.87,0.052914,0.066204,0.065855,0.052914,STATE_17_04,STATE_27_02,0.190908,2.138,1978.0,848.0
league_es,VIL - RAY,1x2_1_val,0.601203,0.5208,1.92,0.080403,0.05288,0.058366,0.05288,STATE_17_06,STATE_27_05,0.123019,3.787,1978.0,848.0
league_it,COM - NAP,1x2_2_val,0.544232,0.4587,2.18,0.085532,0.052572,0.077155,0.052572,STATE_17_07,STATE_27_03,0.097712,2.611,1978.0,848.0
league_de,HOF - MGB,1x2_2_val,0.280582,0.2083,4.8,0.072282,0.051872,0.079917,0.051872,STATE_17_02,STATE_27_02,0.124051,2.657,4423.0,1896.0
league_en,BRE - ARS,1x2_x_val,0.279235,0.2278,4.39,0.051435,0.060294,0.064878,0.051435,STATE_17_09,STATE_27_07,0.150626,2.271,1975.0,847.0
league_es,RAY - GET,1x2_2_val,0.292183,0.2232,4.48,0.068983,0.084738,0.051241,0.051241,STATE_17_02,STATE_27_01,0.192556,2.834,1978.0,849.0
league_es,ATH - RMA,gg_ng_ng_val,0.665016,0.4425,2.26,0.222516,0.050959,0.083335,0.050959,STATE_17_08,STATE_27_16,0.283062,7.367,1978.0,849.0
league_es,ALV - BET,1x2_1_val,0.249469,0.1916,5.22,0.057869,0.055255,0.050751,0.050751,STATE_17_08,STATE_27_08,0.188042,2.502,1978.0,848.0
league_it,INT - CAG,1x2_2_val,0.134418,0.0709,14.1,0.063518,0.055877,0.050339,0.050339,STATE_17_14,STATE_27_15,0.727208,4.584,1978.0,849.0
league_es,ALV - ATM,gg_ng_gg_val,0.455768,0.3817,2.62,0.074068,0.061628,0.050164,0.050164,STATE_17_19,STATE_27_17,0.109175,2.456,1978.0,848.0
league_en,LIV - MNU,1x2_1_val,0.498934,0.4444,2.25,0.054534,0.049425,0.089079,0.049425,STATE_17_05,STATE_27_03,0.097041,2.508,1969.0,845.0
league_es,ESP - ALV,o_u_4_5_ov_val,0.070393,0.0216,46.2,0.048793,0.068475,0.056253,0.048793,STATE_17_02,STATE_27_01,1.231095,3.622,1978.0,849.0
league_en,SUN - FUL,1x2_2_val,0.353693,0.2833,3.53,0.070393,0.062461,0.048722,0.048722,STATE_17_02,STATE_27_02,0.249077,4.29,1971.0,845.0
league_es,RAY - ELC,1x2_2_val,0.292536,0.1957,5.11,0.096836,0.112238,0.048473,0.048473,STATE_17_02,STATE_27_06,0.384335,4.931,1978.0,849.0
league_es,RAY - SEV,1x2_2_val,0.338521,0.2375,4.21,0.101021,0.098827,0.047433,0.047433,STATE_17_04,STATE_27_19,0.165312,2.557,1978.0,849.0
league_es,OSA - ATH,o_u_4_5_ov_val,0.06971,0.0223,44.9,0.04741,0.053617,0.056549,0.04741,STATE_17_21,STATE_27_09,1.117925,3.42,1978.0,848.0
league_es,GET - LEV,o_u_1_5_un_val,0.52017,0.2899,3.45,0.23027,0.053002,0.047337,0.047337,STATE_17_05,STATE_27_01,0.505307,8.6,1978.0,848.0
league_es,ATH - RMA,o_u_3_5_un_val,0.896003,0.7042,1.42,0.191803,0.047135,0.075443,0.047135,STATE_17_08,STATE_27_16,0.160754,8.539,1978.0,849.0
league_it,LEC - NAP,o_u_4_5_ov_val,0.203396,0.1567,6.38,0.046696,0.048022,0.047849,0.046696,STATE_17_17,STATE_27_19,0.247444,2.849,1978.0,849.0
league_it,LEC - PAR,gg_ng_gg_val,0.551663,0.4831,2.07,0.068563,0.05287,0.046502,0.046502,STATE_17_01,STATE_27_02,0.071616,2.016,1978.0,848.0
league_en,ARS - FUL,o_u_2_5_un_val,0.446372,0.4,2.5,0.046372,0.046327,0.050263,0.046327,STATE_17_04,STATE_27_06,0.108491,2.544,1977.0,848.0
league_en,NOT - EVE,1x2_1_val,0.489196,0.4082,2.45,0.080996,0.047606,0.04622,0.04622,STATE_17_01,STATE_27_04,0.133884,3.19,1976.0,847.0
league_it,CAG - NAP,o_u_2_5_un_val,0.351609,0.3058,3.27,0.045809,0.139643,0.065416,0.045809,STATE_17_08,STATE_27_19,0.120813,2.268,1978.0,849.0
league_it,COM - BOL,double_chance_x2_val,0.618458,0.5051,1.98,0.113358,0.045605,0.073541,0.045605,STATE_17_02,STATE_27_01,0.156749,4.68,1979.0,849.0
league_it,UDI - SAS,gg_ng_gg_val,0.51751,0.4695,2.13,0.04801,0.057729,0.045373,0.045373,STATE_17_02,STATE_27_01,0.113922,3.12,1978.0,849.0
league_en,LEE - NOT,1x2_2_val,0.328496,0.2833,3.53,0.045196,0.062461,0.048722,0.045196,STATE_17_02,STATE_27_02,0.123939,2.195,1977.0,848.0
league_de,STU - BRE,double_chance_x2_val,0.545023,0.4926,2.03,0.052423,0.052047,0.044491,0.044491,STATE_17_02,STATE_27_03,0.058898,2.529,4423.0,1896.0
league_es,BAR - ATH,o_u_3_5_un_val,0.69802,0.6536,1.53,0.04442,0.075087,0.046959,0.04442,STATE_17_06,STATE_27_33,0.052438,2.155,1979.0,849.0
league_it,LEC - TOR,o_u_3_5_ov_val,0.270605,0.211,4.74,0.059605,0.052618,0.044369,0.044369,STATE_17_01,STATE_27_02,0.150106,2.152,1978.0,849.0
league_it,SAS - LEC,o_u_3_5_ov_val,0.271762,0.2024,4.94,0.069362,0.063776,0.04424,0.04424,STATE_17_02,STATE_27_01,0.188396,2.598,1978.0,848.0
league_es,OSA - RMA,o_u_4_5_ov_val,0.126238,0.0662,15.1,0.060038,0.046561,0.043787,0.043787,STATE_17_13,STATE_27_20,0.529564,3.387,1979.0,849.0
league_en,BOU - LIV,double_chance_x2_val,0.799929,0.7463,1.34,0.053629,0.043405,0.052274,0.043405,STATE_17_11,STATE_27_13,0.040638,2.118,1973.0,846.0
league_en,LEE - LIV,1x2_2_val,0.558345,0.4878,2.05,0.070545,0.043363,0.05421,0.043363,STATE_17_11,STATE_27_13,0.219376,6.351,1979.0,849.0
league_it,LAZ - TOR,o_u_4_5_ov_val,0.124823,0.0813,12.3,0.043523,0.050135,0.043284,0.043284,STATE_17_06,STATE_27_13,0.434276,3.205,1979.0,849.0
league_en,MNU - ARS,1x2_1_val,0.327331,0.2841,3.52,0.043231,0.070941,0.08849,0.043231,STATE_17_02,STATE_27_08,0.122259,2.173,1982.0,850.0
league_it,ROM - LAZ,double_chance_x2_val,0.531659,0.4808,2.08,0.050859,0.069905,0.04312,0.04312,STATE_17_02,STATE_27_05,0.077974,2.186,1978.0,849.0
league_it,UDI - GEN,o_u_1_5_un_val,0.351734,0.2591,3.86,0.092634,0.042993,0.042619,0.042619,STATE_17_05,STATE_27_10,0.188042,3.073,1978.0,848.0
league_de,MGB - BVB,1x2_1_val,0.27113,0.2227,4.49,0.04843,0.055421,0.041961,0.041961,STATE_17_04,STATE_27_07,0.127236,2.846,4422.0,1896.0
league_it,LEC - GEN,1x2_2_val,0.322718,0.2809,3.56,0.041818,0.071191,0.069904,0.041818,STATE_17_01,STATE_27_02,0.175472,3.052,1978.0,848.0
league_de,FRA - HOF,1x2_1_val,0.527615,0.4651,2.15,0.062515,0.041712,0.080538,0.041712,STATE_17_05,STATE_27_04,0.062526,2.533,4423.0,1896.0
league_es,ATH - RSO,o_u_2_5_un_val,0.562633,0.5102,1.96,0.052433,0.04055,0.052598,0.04055,STATE_17_03,STATE_27_06,0.077075,2.302,1978.0,848.0
league_de,UBE - MGB,1x2_2_val,0.344675,0.3049,3.28,0.039775,0.049032,0.043149,0.039775,STATE_17_01,STATE_27_01,0.077764,2.198,4423.0,1896.0
league_en,MNU - FUL,1x2_2_val,0.211402,0.1718,5.82,0.039602,0.056519,0.043791,0.039602,STATE_17_05,STATE_27_10,0.180472,2.246,1976.0,848.0
league_en,ARS - LEE,1x2_2_val,0.151558,0.099,10.1,0.052558,0.06386,0.039543,0.039543,STATE_17_04,STATE_27_11,0.393514,3.29,1976.0,848.0
league_es,GET - LEV,o_u_2_5_un_val,0.755839,0.565,1.77,0.190839,0.045049,0.039258,0.039258,STATE_17_05,STATE_27_01,0.179304,6.256,1978.0,848.0
league_it,JUV - GEN,1x2_2_val,0.145686,0.1075,9.3,0.038186,0.047034,0.04565,0.038186,STATE_17_04,STATE_27_12,0.259717,2.378,1979.0,849.0
league_it,GEN - NAP,o_u_3_5_un_val,0.651451,0.6135,1.63,0.037951,0.058257,0.045973,0.037951,STATE_17_08,STATE_27_18,0.072571,2.733,1978.0,848.0
league_de,MGB - FRE,1x2_1_val,0.353435,0.3155,3.17,0.037935,0.044193,0.048868,0.037935,STATE_17_01,STATE_27_01,0.081746,2.368,4422.0,1896.0
league_en,MNC - NOT,1x2_2_val,0.204811,0.1597,6.26,0.045111,0.068619,0.037534,0.037534,STATE_17_05,STATE_27_03,0.268221,3.106,1978.0,849.0
league_it,UDI - GEN,o_u_2_5_un_val,0.621727,0.5263,1.9,0.095427,0.037414,0.037719,0.037414,STATE_17_05,STATE_27_10,0.086675,2.685,1978.0,848.0
league_it,ROM - COM,1x2_1_val,0.567587,0.4785,2.09,0.089087,0.036625,0.088754,0.036625,STATE_17_06,STATE_27_08,0.106616,2.976,1978.0,848.0
league_it,JUV - GEN,double_chance_x2_val,0.37553,0.339,2.95,0.03653,0.053972,0.046669,0.03653,STATE_17_04,STATE_27_12,0.097998,2.002,1979.0,849.0
league_es,BET - RMA,1x2_2_val,0.497701,0.4425,2.26,0.055201,0.074513,0.036366,0.036366,STATE_17_23,STATE_27_26,0.080754,2.084,1978.0,849.0
league_it,LAZ - ROM,1x2_1_val,0.376724,0.2976,3.36,0.079124,0.036142,0.049543,0.036142,STATE_17_12,STATE_27_09,0.127915,2.349,1978.0,849.0
league_it,COM - PAR,o_u_1_5_un_val,0.333333,0.2257,4.43,0.107633,0.035796,0.05552,0.035796,STATE_17_02,STATE_27_01,0.191085,2.833,1978.0,848.0
league_it,COM - PAR,o_u_2_5_un_val,0.594126,0.4808,2.08,0.113326,0.035637,0.059546,0.035637,STATE_17_02,STATE_27_01,0.103774,2.911,1978.0,848.0
league_es,SEV - BAR,o_u_1_5_un_val,0.356334,0.2358,4.24,0.120534,0.035429,0.039885,0.035429,STATE_17_13,STATE_27_20,0.165,2.539,1978.0,848.0
league_en,LIV - BHA,1x2_1_val,0.607118,0.5405,1.85,0.066618,0.047462,0.035303,0.035303,STATE_17_04,STATE_27_06,0.066138,2.112,1986.0,852.0
league_it,MIL - CAG,1x2_2_val,0.142504,0.1027,9.74,0.039804,0.032581,0.039427,0.032581,STATE_17_09,STATE_27_04,0.273428,2.426,1979.0,849.0
league_es,SEV - LEV,o_u_4_5_ov_val,0.07676,0.0442,22.6,0.03256,0.032128,0.033653,0.032128,STATE_17_05,STATE_27_01,0.464075,2.431,1978.0,849.0
league_es,CEL - RMA,o_u_1_5_un_val,0.36669,0.2392,4.18,0.12749,0.032029,0.033484,0.032029,STATE_17_13,STATE_27_13,0.240707,3.673,1979.0,849.0
league_es,RAY - ELC,double_chance_x2_val,0.573399,0.5,2.0,0.073399,0.101787,0.031748,0.031748,STATE_17_02,STATE_27_06,0.081272,2.376,1978.0,849.0
league_de,STU - MGB,gg_ng_gg_val,0.538535,0.5025,1.99,0.036035,0.048284,0.031576,0.031576,STATE_17_05,STATE_27_04,0.059024,2.588,4423.0,1896.0
league_es,GET - LEV,gg_ng_ng_val,0.686129,0.5076,1.97,0.178529,0.040474,0.031563,0.031563,STATE_17_05,STATE_27_01,0.20105,6.092,1978.0,848.0
league_it,CAG - GEN,o_u_4_5_ov_val,0.078556,0.0474,21.1,0.031156,0.047978,0.047243,0.031156,STATE_17_05,STATE_27_10,0.492925,2.653,1978.0,848.0
league_it,FIO - SAS,1x2_1_val,0.498762,0.4184,2.39,0.080362,0.030895,0.083591,0.030895,STATE_17_02,STATE_27_13,0.10351,2.531,1978.0,849.0
league_it,UDI - LAZ,1x2_2_val,0.441301,0.3788,2.64,0.062501,0.071135,0.030585,0.030585,STATE_17_03,STATE_27_07,0.106996,2.393,1979.0,849.0
league_de,RBL - BRE,1x2_2_val,0.200032,0.1597,6.26,0.040332,0.031568,0.030385,0.030385,STATE_17_06,STATE_27_04,0.191909,3.4,4423.0,1896.0
league_es,CEL - VAL,o_u_4_5_ov_val,0.088079,0.0578,17.3,0.030279,0.032275,0.037057,0.030279,STATE_17_02,STATE_27_06,0.487515,2.929,1978.0,849.0
league_it,CAG - NAP,o_u_4_5_un_val,0.782101,0.7519,1.33,0.030201,0.093309,0.043551,0.030201,STATE_17_08,STATE_27_19,0.038622,2.046,1978.0,849.0
league_es,ATH - CEL,o_u_2_5_un_val,0.566879,0.5208,1.92,0.046079,0.02995,0.049906,0.02995,STATE_17_03,STATE_27_15,0.068679,2.097,1978.0,848.0
league_es,BAR - ATH,1x2_2_val,0.189887,0.1401,7.14,0.049787,0.029922,0.042161,0.029922,STATE_17_06,STATE_27_33,0.211025,2.295,1979.0,849.0
league_en,ARS - CRY,1x2_x_val,0.265321,0.2193,4.56,0.046021,0.029877,0.036082,0.029877,STATE_17_04,STATE_27_06,0.195183,2.833,1976.0,847.0
league_it,GEN - SAS,1x2_1_val,0.423771,0.365,2.74,0.058771,0.028859,0.056359,0.028859,STATE_17_05,STATE_27_01,0.116655,2.525,1978.0,849.0
league_es,ATH - CEL,gg_ng_ng_val,0.522647,0.4902,2.04,0.032447,0.02837,0.039996,0.02837,STATE_17_03,STATE_27_15,0.077736,2.223,1978.0,848.0
league_en,NOT - CRY,1x2_1_val,0.483357,0.4082,2.45,0.075157,0.047606,0.028201,0.028201,STATE_17_01,STATE_27_01,0.106545,2.545,1976.0,848.0
league_en,FUL - EVE,1x2_1_val,0.472449,0.4082,2.45,0.064249,0.047606,0.028201,0.028201,STATE_17_01,STATE_27_01,0.132109,3.142,1969.0,844.0
league_it,TOR - GEN,1x2_2_val,0.313163,0.2639,3.79,0.049263,0.048225,0.027558,0.027558,STATE_17_05,STATE_27_01,0.15309,2.557,1978.0,848.0
league_es,SEV - BAR,o_u_2_5_un_val,0.625619,0.495,2.02,0.130619,0.027304,0.04434,0.027304,STATE_17_13,STATE_27_20,0.117193,3.398,1978.0,848.0
league_en,BHA - LIV,1x2_2_val,0.475427,0.4184,2.39,0.057027,0.02666,0.056248,0.02666,STATE_17_03,STATE_27_05,0.134045,3.261,1965.0,843.0
league_es,ATH - RAY,gg_ng_ng_val,0.554652,0.4878,2.05,0.066852,0.073708,0.026305,0.026305,STATE_17_12,STATE_27_05,0.079329,2.258,1978.0,849.0
league_es,BET - RAY,o_u_2_5_ov_val,0.498231,0.4545,2.2,0.043731,0.032743,0.025822,0.025822,STATE_17_06,STATE_27_05,0.107783,2.853,1978.0,848.0
league_en,BOU - ARS,1x2_x_val,0.292761,0.2551,3.92,0.037661,0.038012,0.025652,0.025652,STATE_17_03,STATE_27_05,0.16766,2.72,1972.0,846.0
league_en,NEW - NOT,1x2_2_val,0.215019,0.1718,5.82,0.043219,0.056519,0.025434,0.025434,STATE_17_05,STATE_27_03,0.319292,3.813,1976.0,847.0
league_es,OSA - ALV,1x2_2_val,0.274239,0.2294,4.36,0.044839,0.024856,0.045041,0.024856,STATE_17_05,STATE_27_01,0.146557,2.223,1978.0,848.0
league_es,CEL - RMA,o_u_2_5_un_val,0.61669,0.4975,2.01,0.11919,0.024804,0.029052,0.024804,STATE_17_13,STATE_27_13,0.086678,2.521,1979.0,849.0
league_es,BET - RAY,o_u_3_5_ov_val,0.275655,0.2387,4.19,0.036955,0.032613,0.024515,0.024515,STATE_17_06,STATE_27_05,0.131498,2.058,1978.0,848.0
league_it,GEN - COM,o_u_1_5_un_val,0.295471,0.2387,4.19,0.056771,0.024378,0.031686,0.024378,STATE_17_01,STATE_27_02,0.215495,3.3,1978.0,848.0
league_es,ATM - BET,1x2_1_val,0.573399,0.5,2.0,0.073399,0.023627,0.030358,0.023627,STATE_17_03,STATE_27_10,0.074205,2.168,1978.0,849.0
league_en,ARS - EVE,1x2_2_val,0.156084,0.1261,7.93,0.029984,0.03676,0.023355,0.023355,STATE_17_04,STATE_27_14,0.209184,2.134,1973.0,846.0
league_it,SAS - LEC,o_u_4_5_ov_val,0.125265,0.0813,12.3,0.043965,0.033551,0.02328,0.02328,STATE_17_02,STATE_27_01,0.26191,2.044,1978.0,848.0
league_es,CEL - RMA,gg_ng_ng_val,0.58628,0.4762,2.1,0.11008,0.036552,0.022893,0.022893,STATE_17_13,STATE_27_13,0.090813,2.522,1979.0,849.0
league_it,CAG - SAS,o_u_1_5_un_val,0.335692,0.2793,3.58,0.056392,0.022793,0.022419,0.022419,STATE_17_05,STATE_27_10,0.130082,2.278,1978.0,849.0
league_es,BET - RSO,1x2_2_val,0.300318,0.2381,4.2,0.062218,0.022215,0.045534,0.022215,STATE_17_11,STATE_27_22,0.177385,2.74,1978.0,849.0
league_es,ALV - ATM,o_u_1_5_ov_val,0.699929,0.6494,1.54,0.050529,0.041945,0.022133,0.022133,STATE_17_19,STATE_27_17,0.051486,2.092,1978.0,848.0
league_it,CAG - FIO,1x2_1_val,0.330032,0.2899,3.45,0.040132,0.04259,0.021714,0.021714,STATE_17_16,STATE_27_07,0.154064,2.758,1978.0,849.0
league_de,BVB - MGB,1x2_2_val,0.170307,0.1346,7.43,0.035707,0.021622,0.035002,0.021622,STATE_17_03,STATE_27_05,0.136445,2.222,4422.0,1896.0
league_de,RBL - MGB,1x2_2_val,0.175819,0.1346,7.43,0.041219,0.021622,0.035002,0.021622,STATE_17_03,STATE_27_05,0.218739,3.462,4423.0,1896.0
league_es,BET - RMA,o_u_2_5_ov_val,0.573399,0.5128,1.95,0.060599,0.028381,0.021317,0.021317,STATE_17_23,STATE_27_26,0.113958,3.441,1978.0,849.0
league_it,SAS - NAP,o_u_4_5_ov_val,0.201981,0.1344,7.44,0.067581,0.020391,0.070149,0.020391,STATE_17_08,STATE_27_19,0.218092,2.308,1978.0,849.0
league_it,TOR - LEC,1x2_1_val,0.482137,0.4292,2.33,0.052937,0.020095,0.04688,0.020095,STATE_17_02,STATE_27_05,0.092273,2.312,1978.0,849.0
league_it,COM - PAR,o_u_3_5_un_val,0.792994,0.7143,1.4,0.078694,0.019524,0.03906,0.019524,STATE_17_02,STATE_27_01,0.048349,2.319,1978.0,848.0
league_en,NOT - SUN,1x2_1_val,0.532058,0.4367,2.29,0.095358,0.019106,0.068922,0.019106,STATE_17_01,STATE_27_10,0.140945,3.583,1976.0,847.0
league_en,FUL - SUN,1x2_1_val,0.50159,0.4367,2.29,0.06489,0.019106,0.068922,0.019106,STATE_17_01,STATE_27_10,0.0992,2.528,1981.0,850.0
league_en,NOT - LEE,1x2_1_val,0.489724,0.4367,2.29,0.053024,0.019106,0.068922,0.019106,STATE_17_01,STATE_27_10,0.092279,2.348,1975.0,847.0
league_it,UDI - PAR,o_u_1_5_un_val,0.405941,0.2625,3.81,0.143441,0.039593,0.01872,0.01872,STATE_17_05,STATE_27_01,0.283463,4.587,1979.0,849.0
league_it,SAS - NAP,1x2_2_val,0.744606,0.5882,1.7,0.156406,0.018067,0.157085,0.018067,STATE_17_08,STATE_27_19,0.14735,5.392,1978.0,849.0
league_en,CRY - LIV,1x2_2_val,0.517131,0.4566,2.19,0.060531,0.074563,0.018048,0.018048,STATE_17_11,STATE_27_05,0.137967,3.657,1961.0,841.0
league_es,VAL - RAY,gg_ng_ng_val,0.539986,0.4926,2.03,0.047386,0.02597,0.017758,0.017758,STATE_17_03,STATE_27_06,0.072453,2.082,1978.0,848.0
league_es,OSA - LEV,o_u_1_5_un_val,0.383581,0.3195,3.13,0.064081,0.023402,0.017737,0.017737,STATE_17_05,STATE_27_01,0.129458,2.508,1978.0,848.0
league_en,BRE - NOT,1x2_2_val,0.270796,0.2347,4.26,0.036096,0.017619,0.022165,0.017619,STATE_17_01,STATE_27_04,0.160448,2.464,1977.0,848.0
league_en,NEW - FUL,1x2_2_val,0.210769,0.1718,5.82,0.038969,0.016245,0.025434,0.016245,STATE_17_08,STATE_27_03,0.161251,2.018,1976.0,847.0
league_it,CAG - ATA,1x2_1_val,0.249735,0.2119,4.72,0.037835,0.015918,0.025274,0.015918,STATE_17_07,STATE_27_16,0.145253,2.092,1978.0,849.0
league_de,KOE - MGB,1x2_2_val,0.282843,0.2445,4.09,0.038343,0.015672,0.043717,0.015672,STATE_17_02,STATE_27_02,0.089372,2.152,4422.0,1896.0
league_es,ATH - RMA,1x2_x_val,0.350902,0.2681,3.73,0.082802,0.014907,0.019675,0.014907,STATE_17_08,STATE_27_16,0.199399,3.335,1978.0,849.0
league_de,RBL - MGB,double_chance_x2_val,0.431872,0.3802,2.63,0.051672,0.01473,0.034433,0.01473,STATE_17_03,STATE_27_05,0.063929,2.157,4423.0,1896.0
league_it,NAP - LEC,o_u_4_5_ov_val,0.29724,0.1812,5.52,0.11604,0.014615,0.101615,0.014615,STATE_17_15,STATE_27_23,0.38,4.63,1978.0,848.0
league_it,SAS - INT,1x2_2_val,0.733546,0.5917,1.69,0.141846,0.014567,0.024915,0.014567,STATE_17_08,STATE_27_18,0.094116,3.394,1978.0,848.0
league_es,GET - LEV,o_u_3_5_un_val,0.898089,0.7874,1.27,0.110689,0.018507,0.014327,0.014327,STATE_17_05,STATE_27_01,0.070814,4.465,1978.0,848.0
league_es,SEV - BAR,o_u_3_5_un_val,0.819533,0.7246,1.38,0.094933,0.014248,0.022683,0.014248,STATE_17_13,STATE_27_20,0.048019,2.371,1978.0,848.0
league_es,BET - RSO,o_u_2_5_ov_val,0.518217,0.4651,2.15,0.053117,0.017839,0.013776,0.013776,STATE_17_11,STATE_27_22,0.081331,2.204,1978.0,849.0
league_it,NAP - LEC,o_u_3_5_ov_val,0.493277,0.3745,2.67,0.118777,0.013325,0.107111,0.013325,STATE_17_15,STATE_27_23,0.209057,4.581,1978.0,848.0
league_es,SEV - BAR,double_chance_1x_val,0.456122,0.4082,2.45,0.047922,0.035968,0.011309,0.011309,STATE_17_13,STATE_27_20,0.097877,2.339,1978.0,848.0
league_es,ATH - RSO,1x2_x_val,0.302548,0.2667,3.75,0.035848,0.010554,0.020875,0.010554,STATE_17_03,STATE_27_06,0.123231,2.089,1978.0,848.0
league_it,SAS - FIO,1x2_2_val,0.431907,0.365,2.74,0.066907,0.009925,0.044385,0.009925,STATE_17_16,STATE_27_07,0.1102,2.387,1978.0,849.0
league_en,AST - NOT,double_chance_x2_val,0.491489,0.4566,2.19,0.034889,0.049575,0.009921,0.009921,STATE_17_05,STATE_27_03,0.080779,2.147,1973.0,847.0
league_it,CAG - SAS,gg_ng_ng_val,0.533428,0.4902,2.04,0.043228,0.011187,0.009899,0.009899,STATE_17_05,STATE_27_10,0.088481,2.533,1978.0,849.0
league_es,ATH - RMA,o_u_4_5_un_val,0.965334,0.885,1.13,0.080334,0.009789,0.023098,0.009789,STATE_17_08,STATE_27_16,0.054134,5.578,1978.0,849.0
league_it,SAS - INT,o_u_4_5_ov_val,0.194268,0.1453,6.88,0.048968,0.009491,0.014835,0.009491,STATE_17_08,STATE_27_18,0.192642,2.154,1978.0,848.0
league_es,CEL - RMA,o_u_3_5_un_val,0.821782,0.7299,1.37,0.091882,0.008948,0.014704,0.008948,STATE_17_13,STATE_27_13,0.068245,3.502,1979.0,849.0
league_it,SAS - INT,o_u_3_5_ov_val,0.382166,0.3195,3.13,0.062666,0.008743,0.021027,0.008743,STATE_17_08,STATE_27_18,0.125767,2.438,1978.0,848.0
league_it,UDI - PAR,o_u_2_5_un_val,0.679632,0.5319,1.88,0.147732,0.031814,0.008446,0.008446,STATE_17_05,STATE_27_01,0.173616,5.556,1979.0,849.0
league_es,RSO - RAY,o_u_3_5_ov_val,0.265039,0.2288,4.37,0.036239,0.007942,0.028446,0.007942,STATE_17_03,STATE_27_10,0.133726,2.033,1978.0,848.0
league_it,UDI - CAG,o_u_1_5_un_val,0.350318,0.2558,3.91,0.094518,0.005696,0.02542,0.005696,STATE_17_02,STATE_27_01,0.180377,2.926,1978.0,848.0
league_es,BET - ATM,o_u_4_5_ov_val,0.123806,0.0855,11.7,0.038306,0.005469,0.006409,0.005469,STATE_17_01,STATE_27_03,0.267845,2.146,1978.0,849.0
league_es,LEV - ATM,o_u_1_5_un_val,0.381104,0.3067,3.26,0.074404,0.001955,0.021767,0.001955,STATE_17_19,STATE_27_17,0.184057,3.419,1978.0,848.0
league_it,BOL - UDI,o_u_1_5_un_val,0.418259,0.2793,3.58,0.138959,0.022793,0.00192,0.00192,STATE_17_05,STATE_27_01,0.397382,6.626,1978.0,848.0
league_it,NAP - LEC,o_u_2_5_ov_val,0.718684,0.6135,1.63,0.105184,0.001275,0.095124,0.001275,STATE_17_15,STATE_27_23,0.086026,3.259,1978.0,848.0
league_es,VAL - RAY,o_u_1_5_un_val,0.326964,0.2833,3.53,0.043664,0.000573,0.011604,0.000573,STATE_17_03,STATE_27_06,0.148915,2.622,1978.0,848.0
